name,equip_slot,map_link,source_1,source_2,repurchase_shop,buy_price_rupees,buy_price_poes,sell_price_base,sell_price_1,sell_price_2,sell_price_3,sell_price_4,effect,hidden_effect,set_bonus,hidden_set_bonus,dyeable,defense_base,defense_1,defense_2,defense_3,defense_4,upgrade_material_star_1,upgrade_material_qty_star_1,upgrade_material_star_2,upgrade_material_qty_star_2,upgrade_material_star_3,upgrade_material_qty_star_3,upgrade_material_starstar_1,upgrade_material_qty_starstar_1,upgrade_material_starstar_2,upgrade_material_qty_starstar_2,upgrade_material_starstar_3,upgrade_material_qty_starstar_3,upgrade_material_starstarstar_1,upgrade_material_qty_starstarstar_1,upgrade_material_starstarstar_2,upgrade_material_qty_starstarstar_2,upgrade_material_starstarstar_3,upgrade_material_qty_starstarstar_3,upgrade_material_starstarstarstar_1,upgrade_material_qty_starstarstarstar_1,upgrade_material_starstarstarstar_2,upgrade_material_qty_starstarstarstar_2,upgrade_material_starstarstarstar_3,upgrade_material_qty_starstarstarstar_3,acquisition_category,defense_max,resale_ratio,defense_per_rupee,max_defense_per_rupee
Archaic Tunic,Body,Archaic Tunic,Treasure Chest (Great Sky Island),,Cece (Ventest Clothing Boutique),50,,15,,,,,,,,,True,1,,,,,,,,,,,,,,,,,,,,,,,,,,,,,shop,,0.3,0.02,
Archaic Legwear,Legs,Archaic Legwear,Treasure Chest (Great Sky Island),,Cece (Ventest Clothing Boutique),50,,15,,,,,,,,,True,1,,,,,,,,,,,,,,,,,,,,,,,,,,,,,shop,,0.3,0.02,
Archaic Warm Greaves,Legs,Archaic Warm Greaves,Treasure Chest (Great Sky Island),,Cece (Ventest Clothing Boutique),80,,20,,,,,Cold Resistance,,,,True,2,,,,,,,,,,,,,,,,,,,,,,,,,,,,,shop,,0.25,0.025,
Hylian Hood,Head,Hylian Hood,Armor Shop (Lookout Landing),Armor Shop (Ventest Clothing Boutique),,70,,15,65,165,365,865,,,,,True,3,5,8,12,20,Bokoblin Horn,5,,,,,Blue Bokoblin Horn,5,Bokoblin Fang,3,,,Black Bokoblin Horn,5,Bokoblin Guts,3,Amber,20,Silver Bokoblin Horn,5,Bokoblin Guts,5,Amber,30,shop,20,0.21428571428571427,0.04285714285714286,0.2857142857142857
Hylian Tunic,Body,Hylian Tunic,Armor Shop (Lookout Landing),Armor Shop (Ventest Clothing Boutique),,130,,35,85,185,385,885,,,,,True,3,5,8,12,20,Bokoblin Horn,5,,,,,Blue Bokoblin Horn,5,Bokoblin Fang,3,,,Black Bokoblin Horn,5,Bokoblin Guts,3,Amber,20,Silver Bokoblin Horn,5,Bokoblin Guts,5,Amber,30,shop,20,0.2692307692307692,0.023076923076923078,0.15384615384615385
Hylian Trousers,Legs,Hylian Trousers,Armor Shop (Lookout Landing),Armor Shop (Ventest Clothing Boutique),,120,,30,80,180,380,880,,,,,True,3,5,8,12,20,Bokoblin Horn,5,,,,,Blue Bokoblin Horn,5,Bokoblin Fang,3,,,Black Bokoblin Horn,5,Bokoblin Guts,3,Amber,20,Silver Bokoblin Horn,5,Bokoblin Guts,5,Amber,30,shop,20,0.25,0.025,0.16666666666666666
Soldier's Helm,Head,Soldier's Helm,Treasure Chest (Royal Hidden Passage),,Cece (Ventest Clothing Boutique),180,,45,95,195,395,895,,,,,True,4,7,12,18,28,Chuchu Jelly,5,Bokoblin Guts,3,,,Keese Eyeball,5,Moblin Guts,3,,,Lizalfos Tail,3,Hinox Guts,3,Flint,30,Lynel Hoof,5,Lynel Guts,5,Amber,30,shop,28,0.25,0.022222222222222223,0.15555555555555556
Soldier's Armor,Body,Soldier's Armor,Treasure Chest (Royal Hidden Passage),,Cece (Ventest Clothing Boutique),250,,65,115,215,415,915,,,,,True,4,7,12,18,28,Chuchu Jelly,5,Bokoblin Guts,3,,,Keese Eyeball,5,Moblin Guts,3,,,Lizalfos Tail,3,Hinox Guts,3,Flint,30,Lynel Hoof,5,Lynel Guts,5,Amber,30,shop,28,0.26,0.016,0.112
Soldier's Greaves,Legs,Soldier's Greaves,Treasure Chest (Royal Hidden Passage),,Cece (Ventest Clothing Boutique),200,,50,70,100,140,265,,,,,True,4,7,12,18,28,Chuchu Jelly,5,Bokoblin Guts,3,,,Keese Eyeball,5,Moblin Guts,3,,,Lizalfos Tail,3,Hinox Guts,3,Flint,30,Lynel Hoof,5,Lynel Guts,5,Amber,30,shop,28,0.25,0.02,0.14
Snowquill Headdress,Head,Snowquill Headdress,Armor Shop (Brazen Beak),,,650,,150,200,300,500,1000,Cold Resistance,,Unfreezable,,True,3,5,8,12,20,Red Chuchu Jelly,3,,,,,Red Chuchu Jelly,5,Warm Safflina,3,,,Fire Keese Wing,5,Fire-Breath Lizalfos Tail,3,Sunshroom,5,Fire-Breath Lizalfos Horn,5,Fire-Breath Lizalfos Tail,10,Ruby,5,shop,20,0.23076923076923078,0.004615384615384616,0.03076923076923077
Snowquill Tunic,Body,Snowquill Tunic,Armor Shop (Brazen Beak),,Armor Shop (Lookout Landing),500,,140,190,290,490,990,Cold Resistance,,Unfreezable,,True,3,5,8,12,20,Red Chuchu Jelly,3,,,,,Red Chuchu Jelly,5,Warm Safflina,3,,,Fire Keese Wing,5,Fire-Breath Lizalfos Tail,3,Sunshroom,5,Fire-Breath Lizalfos Horn,5,Fire-Breath Lizalfos Tail,10,Ruby,5,shop,20,0.28,0.006,0.04
Snowquill Trousers,Legs,Snowquill Trousers,Armor Shop (Brazen Beak),,,1000,,250,255,260,280,630,Cold Resistance,,Unfreezable,,True,3,5,8,12,20,Red Chuchu Jelly,3,,,,,Red Chuchu Jelly,5,Warm Safflina,3,,,Fire Keese Wing,5,Fire-Breath Lizalfos Tail,3,Sunshroom,5,Fire-Breath Lizalfos Horn,5,Fire-Breath Lizalfos Tail,10,Ruby,5,shop,20,0.25,0.003,0.02
Flamebreaker Helm,Head,Flamebreaker Helm,Armor Shop (Goron City),,,1400,,350,400,500,700,1200,Flame Guard,,Fireproof,,True,3,5,8,12,20,Moblin Horn,3,,,,,Moblin Fang,5,Fireproof Lizard,5,,,Blue Moblin Horn,5,Smotherwing Butterfly,3,Flint,15,Black Moblin Horn,5,Smotherwing Butterfly,5,Flint,30,shop,20,0.25,0.002142857142857143,0.014285714285714285
Flamebreaker Armor,Body,Flamebreaker Armor,Armor Shop (Goron City),Shop (YunoboCo HQ),Armor Shop (Lookout Landing),700,,175,225,325,525,1025,Flame Guard,,Fireproof,,True,3,5,8,12,20,Moblin Horn,3,,,,,Moblin Fang,5,Fireproof Lizard,5,,,Blue Moblin Horn,5,Smotherwing Butterfly,3,Flint,15,Black Moblin Horn,5,Smotherwing Butterfly,5,Flint,30,shop,20,0.25,0.004285714285714286,0.02857142857142857
Flamebreaker Boots,Legs,Flamebreaker Boots,Armor Shop (Goron City),,,1200,,300,305,320,345,400,Flame Guard,,Fireproof,,True,3,5,8,12,20,Moblin Horn,3,,,,,Moblin Fang,5,Fireproof Lizard,5,,,Blue Moblin Horn,5,Smotherwing Butterfly,3,Flint,15,Black Moblin Horn,5,Smotherwing Butterfly,5,Flint,30,shop,20,0.25,0.0025,0.016666666666666666
Zora Helm,Head,Zora Helm,Treasure Chest (Floating Scales Island),,,,,,,,,,Swim Speed Up,Swim Spin Attack,Swim Dash Stamina Up,,True,3,5,8,12,20,Lizalfos Horn,3,,,,,Lizalfos Talon,5,Hyrule Bass,5,,,Blue Lizalfos Horn,5,Lizalfos Tail,3,Hearty Bass,3,Black Lizalfos Horn,5,Blue Lizalfos Tail,5,Opal,20,chest,20,,,
Zora Armor,Body,Zora Armor,Restoring the Zora Armor,,,,,,,,,,Swim Speed Up,Waterfall Dash,Swim Dash Stamina Up,,True,3,5,8,12,20,Lizalfos Horn,3,,,,,Lizalfos Talon,5,Hyrule Bass,5,,,Blue Lizalfos Horn,5,Lizalfos Tail,3,Hearty Bass,3,Black Lizalfos Horn,5,Blue Lizalfos Tail,5,Opal,20,other,20,,,
Zora Greaves,Legs,Zora Greaves,Treasure Chest (Ancient Zora Waterworks),,,,,,,,,,Swim Speed Up,,Swim Dash Stamina Up,,True,3,5,8,12,20,Lizalfos Horn,3,,,,,Lizalfos Talon,5,Hyrule Bass,5,,,Blue Lizalfos Horn,5,Lizalfos Tail,3,Hearty Bass,3,Black Lizalfos Horn,5,Blue Lizalfos Tail,5,Opal,20,chest,20,,,
Desert Voe Headband,Head,Desert Voe Headband,Armor Shop (Kara Kara Bazaar),,,450,,115,165,265,465,965,Heat Resistance,,Shock Damage Resist,,True,3,5,8,12,20,White Chuchu Jelly,3,,,,,White Chuchu Jelly,5,Cool Safflina,3,,,Ice Keese Wing,5,Ice-Breath Lizalfos Tail,3,Chillshroom,5,Ice-Breath Lizalfos Horn,5,Ice-Breath Lizalfos Tail,10,Sapphire,5,shop,20,0.25555555555555554,0.006666666666666667,0.044444444444444446
Desert Voe Spaulder,Body,Desert Voe Spaulder,Shop (Gerudo Secret Club),,,1300,,325,375,475,675,1175,Heat Resistance,,Shock Damage Resist,,True,3,5,8,12,20,White Chuchu Jelly,3,,,,,White Chuchu Jelly,5,Cool Safflina,3,,,Ice Keese Wing,5,Ice-Breath Lizalfos Tail,3,Chillshroom,5,Ice-Breath Lizalfos Horn,5,Ice-Breath Lizalfos Tail,10,Sapphire,5,shop,20,0.25,0.002307692307692308,0.015384615384615385
Desert Voe Trousers,Legs,Desert Voe Trousers,Shop (Gerudo Secret Club),,,650,,165,170,175,215,630,Heat Resistance,,Shock Damage Resist,,True,3,5,8,12,20,White Chuchu Jelly,3,,,,,White Chuchu Jelly,5,Cool Safflina,3,,,Ice Keese Wing,5,Ice-Breath Lizalfos Tail,3,Chillshroom,5,Ice-Breath Lizalfos Horn,5,Ice-Breath Lizalfos Tail,10,Sapphire,5,shop,20,0.25384615384615383,0.004615384615384616,0.03076923076923077
Rubber Helm,Head,Rubber Helm,Treasure Chest (Sarjon Cave),,Cece (Ventest Clothing Boutique),4000,,600,650,750,950,1450,Shock Resistance,,Lightning Proof,,True,3,5,8,12,20,Electric Lizalfos Horn,1,Yellow Chuchu Jelly,3,,,Yellow Chuchu Jelly,8,Voltfruit,5,,,Zapshroom,5,Electric Lizalfos Tail,5,Electric Safflina,8,Electric Lizalfos Horn,5,Topaz,5,Electric Lizalfos Tail,8,shop,20,0.15,0.00075,0.005
Rubber Armor,Body,Rubber Armor,Treasure Chest (Whistling Hill Cave),,Cece (Ventest Clothing Boutique),4000,,600,650,750,950,1450,Shock Resistance,,Lightning Proof,,True,3,5,8,12,20,Electric Lizalfos Horn,1,Yellow Chuchu Jelly,3,,,Yellow Chuchu Jelly,8,Voltfruit,5,,,Zapshroom,5,Electric Lizalfos Tail,5,Electric Safflina,8,Electric Lizalfos Horn,5,Topaz,5,Electric Lizalfos Tail,8,shop,20,0.15,0.00075,0.005
Rubber Tights,Legs,Rubber Tights,Treasure Chest (Horon Lagoon Cave),,Cece (Ventest Clothing Boutique),4000,,600,600,610,640,960,Shock Resistance,,Lightning Proof,,True,3,5,8,12,20,Electric Lizalfos Horn,1,Yellow Chuchu Jelly,3,,,Yellow Chuchu Jelly,8,Voltfruit,5,,,Zapshroom,5,Electric Lizalfos Tail,5,Electric Safflina,8,Electric Lizalfos Horn,5,Topaz,5,Electric Lizalfos Tail,8,shop,20,0.15,0.00075,0.005
Stealth Mask,Head,Stealth Mask,Armor Shop (Enchanted),,,500,,125,175,275,475,975,Stealth Up,,Night Speed Up,,True,2,4,6,9,16,Blue Nightshade,3,,,,,Blue Nightshade,5,Sunset Firefly,5,,,Silent Shroom,8,Sneaky River Snail,5,Sticky Frog,5,Stealthfin Trout,10,Silent Princess,5,Sundelion,10,shop,16,0.25,0.004,0.032
Stealth Chest Guard,Body,Stealth Chest Guard,Armor Shop (Enchanted),,Armor Shop (Lookout Landing),700,,175,225,325,525,1025,Stealth Up,,Night Speed Up,,True,2,4,6,9,16,Blue Nightshade,3,,,,,Blue Nightshade,5,Sunset Firefly,5,,,Silent Shroom,8,Sneaky River Snail,5,Sticky Frog,5,Stealthfin Trout,10,Silent Princess,5,Sundelion,10,shop,16,0.25,0.002857142857142857,0.022857142857142857
Stealth Tights,Legs,Stealth Tights,Armor Shop (Enchanted),,,600,,150,155,160,175,250,Stealth Up,,Night Speed Up,,True,2,4,6,9,16,Blue Nightshade,3,,,,,Blue Nightshade,5,Sunset Firefly,5,,,Silent Shroom,8,Sneaky River Snail,5,Sticky Frog,5,Stealthfin Trout,10,Silent Princess,5,Sundelion,10,shop,16,0.25,0.0033333333333333335,0.02666666666666667
Climber's Bandanna,Head,Climber's Bandanna,Treasure Chest (Ploymus Mountain Cave),,Cece (Ventest Clothing Boutique),800,,200,250,350,550,1050,Climb Speed Up,,Climbing Jump Stamina Up,,True,3,5,8,12,20,Keese Wing,3,Rushroom,3,,,Electric Keese Wing,5,Hightail Lizard,5,,,Ice Keese Wing,8,Hot-Footed Frog,10,,,Fire Keese Wing,10,Swift Violet,20,,,shop,20,0.25,0.00375,0.025
Climbing Gear,Body,Climbing Gear,Treasure Chest (North Hyrule Plain Cave),,Cece (Ventest Clothing Boutique),700,,175,225,325,525,1025,Climb Speed Up,,Climbing Jump Stamina Up,,True,3,5,8,12,20,Keese Wing,3,Rushroom,3,,,Electric Keese Wing,5,Hightail Lizard,5,,,Ice Keese Wing,8,Hot-Footed Frog,10,,,Fire Keese Wing,10,Swift Violet,20,,,shop,20,0.25,0.004285714285714286,0.02857142857142857
Climbing Boots,Legs,Climbing Boots,Treasure Chest (Upland Zorana Byroad),,Cece (Ventest Clothing Boutique),600,,150,605,610,620,645,Climb Speed Up,,Climbing Jump Stamina Up,,True,3,5,8,12,20,Keese Wing,3,Rushroom,3,,,Electric Keese Wing,5,Hightail Lizard,5,,,Ice Keese Wing,8,Hot-Footed Frog,10,,,Fire Keese Wing,10,Swift Violet,20,,,shop,20,0.25,0.005,0.03333333333333333
Barbarian Helm,Head,Barbarian Helm,Treasure Chest (Robred Dropoff Cave),,Cece (Ventest Clothing Boutique),4000,,600,650,750,950,1450,Attack Up,,Charge Atk. Stamina Up,,True,3,5,8,12,20,Mighty Thistle,3,,,,,Lynel Saber Horn,2,Lynel Mace Horn,2,Razorshroom,5,Blue-Maned Lynel Saber Horn,3,Blue-Maned Lynel Mace Horn,3,Razorclaw Crab,3,White-Maned Lynel Saber Horn,3,White-Maned Lynel Mace Horn,3,Bladed Rhino Beetle,3,shop,20,0.15,0.00075,0.005
Barbarian Armor,Body,Barbarian Armor,Treasure Chest (Crenel Hills Cave),,Cece (Ventest Clothing Boutique),4000,,600,650,750,950,1450,Attack Up,,Charge Atk. Stamina Up,,True,3,5,8,12,20,Mighty Thistle,3,,,,,Lynel Saber Horn,2,Lynel Mace Horn,2,Razorshroom,5,Blue-Maned Lynel Saber Horn,3,Blue-Maned Lynel Mace Horn,3,Razorclaw Crab,3,White-Maned Lynel Saber Horn,3,White-Maned Lynel Mace Horn,3,Bladed Rhino Beetle,3,shop,20,0.15,0.00075,0.005
Barbarian Leg Wraps,Legs,Barbarian Leg Wraps,Treasure Chest (Walnot Mountain Cave),,Cece (Ventest Clothing Boutique),4000,,600,650,750,950,1450,Attack Up,,Charge Atk. Stamina Up,,True,3,5,8,12,20,Mighty Thistle,3,,,,,Lynel Saber Horn,2,Lynel Mace Horn,2,Razorshroom,5,Blue-Maned Lynel Saber Horn,3,Blue-Maned Lynel Mace Horn,3,Razorclaw Crab,3,White-Maned Lynel Saber Horn,3,White-Maned Lynel Mace Horn,3,Bladed Rhino Beetle,3,shop,20,0.15,0.00075,0.005
Radiant Mask,Head,Radiant Mask,Armor Shop (Enchanted),,,800,,200,250,350,550,1050,,Night Glow,Disguise; Bone Weap. Prof.,,True,3,5,8,12,20,Luminous Stone,10,Bokoblin Guts,1,,,Luminous Stone,15,Moblin Guts,2,,,Luminous Stone,20,Horriblin Guts,3,Gibdo Bone,10,Luminous Stone,30,Lynel Guts,3,Molduga Jaw,3,shop,20,0.25,0.00375,0.025
Radiant Shirt,Body,Radiant Shirt,Armor Shop (Enchanted),,Armor Shop (Lookout Landing),800,,200,250,350,550,1050,,Night Glow,Disguise; Bone Weap. Prof.,,True,3,5,8,12,20,Luminous Stone,10,Bokoblin Guts,1,,,Luminous Stone,15,Moblin Guts,2,,,Luminous Stone,20,Horriblin Guts,3,Gibdo Bone,10,Luminous Stone,30,Lynel Guts,3,Molduga Jaw,3,shop,20,0.25,0.00375,0.025
Radiant Tights,Legs,Radiant Tights,Armor Shop (Enchanted),,,800,,200,250,350,550,1050,,Night Glow,Disguise; Bone Weap. Prof.,,True,3,5,8,12,20,Luminous Stone,10,Bokoblin Guts,1,,,Luminous Stone,15,Moblin Guts,2,,,Luminous Stone,20,Horriblin Guts,3,Gibdo Bone,10,Luminous Stone,30,Lynel Guts,3,Molduga Jaw,3,shop,20,0.25,0.00375,0.025
Royal Guard Cap,Head,Royal Guard Cap,Treasure Chest (Zelda’s Room),,Cece (Ventest Clothing Boutique),4000,,600,650,750,950,1450,,,Charge Atk. Stamina Up,,False,4,6,10,15,24,Boss Bokoblin Horn,3,Bokoblin Guts,3,,,Blue Boss Bokoblin Horn,3,Boss Bokoblin Guts,3,,,Black Boss Bokoblin Horn,3,Hinox Guts,3,,,Silver Boss Bokoblin Horn,3,Molduga Guts,3,Gleeok Guts,3,shop,24,0.15,0.001,0.006
Royal Guard Uniform,Body,Royal Guard Uniform,Treasure Chest (Guard’s Chamber),Armor Shop (Ventest Clothing Boutique),,2200,,550,600,700,900,1400,,,Charge Atk. Stamina Up,,False,4,6,10,15,24,Boss Bokoblin Horn,3,Bokoblin Guts,3,,,Blue Boss Bokoblin Horn,3,Boss Bokoblin Guts,3,,,Black Boss Bokoblin Horn,3,Hinox Guts,3,,,Silver Boss Bokoblin Horn,3,Molduga Guts,3,Gleeok Guts,3,chest,24,0.25,0.0018181818181818182,0.01090909090909091
Royal Guard Boots,Legs,Royal Guard Boots,Treasure Chest (King’s Study),,Cece (Ventest Clothing Boutique),4000,,600,650,750,950,1450,,,Charge Atk. Stamina Up,,False,4,6,10,15,24,Boss Bokoblin Horn,3,Bokoblin Guts,3,,,Blue Boss Bokoblin Horn,3,Boss Bokoblin Guts,3,,,Black Boss Bokoblin Horn,3,Hinox Guts,3,,,Silver Boss Bokoblin Horn,3,Molduga Guts,3,Gleeok Guts,3,shop,24,0.15,0.001,0.006
Froggy Hood,Head,Froggy Hood,Potential Princess Sightings! (4 Stables),,Cece (Ventest Clothing Boutique),4000,,600,650,750,950,1450,Slip Resistance,Moisturizing,Slip Proof,,True,3,5,8,12,20,Sticky Lizard,3,,,,,Horriblin Horn,5,Sticky Lizard,5,,,Blue Horriblin Horn,5,Sticky Frog,5,,,Black Horriblin Horn,5,Horriblin Guts,10,Opal,10,shop,20,0.15,0.00075,0.005
Froggy Sleeve,Body,Froggy Sleeve,Potential Princess Sightings! (9 Stables),,Cece (Ventest Clothing Boutique),4000,,600,650,750,950,1450,Slip Resistance,Moisturizing,Slip Proof,,True,3,5,8,12,20,Sticky Lizard,3,,,,,Horriblin Horn,5,Sticky Lizard,5,,,Blue Horriblin Horn,5,Sticky Frog,5,,,Black Horriblin Horn,5,Horriblin Guts,10,Opal,10,shop,20,0.15,0.00075,0.005
Froggy Leggings,Legs,Froggy Leggings,Potential Princess Sightings! (12 Stables),,Cece (Ventest Clothing Boutique),4000,,600,650,750,950,1450,Slip Resistance,Moisturizing,Slip Proof,,True,3,5,8,12,20,Sticky Lizard,3,,,,,Horriblin Horn,5,Sticky Lizard,5,,,Blue Horriblin Horn,5,Sticky Frog,5,,,Black Horriblin Horn,5,Horriblin Guts,10,Opal,10,shop,20,0.15,0.00075,0.005
Glide Mask,Head,,Dive Ceremony (Valor Island),,Cece (Ventest Clothing Boutique),4000,,600,650,750,950,1450,Skydive Mobility Up,,Impact Proof,,True,2,4,6,9,16,Keese Wing,3,,,,,Aerocuda Eyeball,6,Keese Wing,5,,,Aerocuda Wing,6,Aerocuda Eyeball,8,,,Gleeok Wing,12,Aerocuda Wing,10,Gibdo Wing,8,shop,16,0.15,0.0005,0.004
Glide Shirt,Body,,Dive Ceremony (Courage Island),,Cece (Ventest Clothing Boutique),4000,,600,650,750,950,1450,Skydive Mobility Up,,Impact Proof,,True,2,4,6,9,16,Keese Wing,3,,,,,Aerocuda Eyeball,6,Keese Wing,5,,,Aerocuda Wing,6,Aerocuda Eyeball,8,,,Gleeok Wing,12,Aerocuda Wing,10,Gibdo Wing,8,shop,16,0.15,0.0005,0.004
Glide Tights,Legs,,Dive Ceremony (Bravery Island),,Cece (Ventest Clothing Boutique),4000,,600,650,750,950,1450,Skydive Mobility Up,,Impact Proof,,True,2,4,6,9,16,Keese Wing,3,,,,,Aerocuda Eyeball,6,Keese Wing,5,,,Aerocuda Wing,6,Aerocuda Eyeball,8,,,Gleeok Wing,12,Aerocuda Wing,10,Gibdo Wing,8,shop,16,0.15,0.0005,0.004
Hood of the Depths,Head,,Bargainer Statue Shop (Find 6),,,,300,600,650,750,950,1450,Gloom Resistance,,Gloom Attack Resist,,True,3,5,8,12,20,Deep Firefly,3,,,,,Frox Fang,3,Dark Clump,5,,,Obsidian Frox Fang,3,Zonaite,20,Frox Fingernail,3,Blue-White Frox Fang,5,Large Zonaite,10,Frox Guts,3,shop,20,,,
Tunic of the Depths,Body,,Bargainer Statue Shop (Find 2),,,,150,600,650,750,950,1450,Gloom Resistance,,Gloom Attack Resist,,True,3,5,8,12,20,Deep Firefly,3,,,,,Frox Fang,3,Dark Clump,5,,,Obsidian Frox Fang,3,Zonaite,20,Frox Fingernail,3,Blue-White Frox Fang,5,Large Zonaite,10,Frox Guts,3,shop,20,,,
Gaiters of the Depths,Legs,,Bargainer Statue Shop (Find 4),,,,200,600,650,750,950,1450,Gloom Resistance,,Gloom Attack Resist,,True,3,5,8,12,20,Deep Firefly,3,,,,,Frox Fang,3,Dark Clump,5,,,Obsidian Frox Fang,3,Zonaite,20,Frox Fingernail,3,Blue-White Frox Fang,5,Large Zonaite,10,Frox Guts,3,shop,20,,,
Miner's Mask,Head,Miner's Mask,Treasure Chest (Abandoned Kara Kara Mine),,Cece (Ventest Clothing Boutique),4000,,600,650,750,950,1450,Glow,,Shining Steps,,True,3,5,8,12,20,Brightbloom Seed,10,,,,,Brightbloom Seed,20,Brightcap,5,,,Giant Brightbloom Seed,15,Glowing Cave Fish,5,Deep Firefly,10,Giant Brightbloom Seed,20,Diamond,3,Large Zonaite,10,shop,20,0.15,0.00075,0.005
Miner's Top,Body,Miner's Top,Treasure Chest (Daphnes Canyon Mine),,Cece (Ventest Clothing Boutique),4000,,600,650,750,950,1450,Glow,,Shining Steps,,True,3,5,8,12,20,Brightbloom Seed,10,,,,,Brightbloom Seed,20,Brightcap,5,,,Giant Brightbloom Seed,15,Glowing Cave Fish,5,Deep Firefly,10,Giant Brightbloom Seed,20,Diamond,3,Large Zonaite,10,shop,20,0.15,0.00075,0.005
Miner's Trousers,Legs,Miner's Trousers,Treasure Chest (Hylia Canyon Mine),,Cece (Ventest Clothing Boutique),4000,,600,650,750,950,1450,Glow,,Shining Steps,,True,3,5,8,12,20,Brightbloom Seed,10,,,,,Brightbloom Seed,20,Brightcap,5,,,Giant Brightbloom Seed,15,Glowing Cave Fish,5,Deep Firefly,10,Giant Brightbloom Seed,20,Diamond,3,Large Zonaite,10,shop,20,0.15,0.00075,0.005
Mystic Headpiece,Head,Mystic Headpiece,Koltin (47 Bubbul Gems),,Cece (Ventest Clothing Boutique),4000,,600,,,,,Rupee Padding,,,,True,3,,,,,,,,,,,,,,,,,,,,,,,,,,,,,shop,,0.15,0.00075,
Mystic Robe,Body,Mystic Robe,Koltin (9 Bubbul Gems),,Cece (Ventest Clothing Boutique),4000,,600,,,,,Rupee Padding,,,,True,3,,,,,,,,,,,,,,,,,,,,,,,,,,,,,shop,,0.15,0.00075,
Mystic Trousers,Legs,Mystic Trousers,Koltin (22 Bubbul Gems),,Cece (Ventest Clothing Boutique),4000,,600,,,,,Rupee Padding,,,,True,3,,,,,,,,,,,,,,,,,,,,,,,,,,,,,shop,,0.15,0.00075,
Ember Headdress,Head,Ember Headdress,Treasure Chest (YunoboCo HQ South Cave),,Cece (Ventest Clothing Boutique),4000,,600,650,750,950,1450,Hot Weather Attack,,Hot Weather Charge,,True,2,4,6,9,16,Fire Fruit,3,,,,,Fire-Breath Lizalfos Horn,5,Summerwing Butterfly,5,,,Fire Like Stone,5,Warm Darner,5,Large Zonai Charge,5,Gleeok Flame Horn,5,Sizzlefin Trout,10,Large Zonai Charge,10,shop,16,0.15,0.0005,0.004
Ember Shirt,Body,Ember Shirt,Treasure Chest (Goronbi River Cave),,Cece (Ventest Clothing Boutique),4000,,600,650,750,950,1450,Hot Weather Attack,,Hot Weather Charge,,True,2,4,6,9,16,Fire Fruit,3,,,,,Fire-Breath Lizalfos Horn,5,Summerwing Butterfly,5,,,Fire Like Stone,5,Warm Darner,5,Large Zonai Charge,5,Gleeok Flame Horn,5,Sizzlefin Trout,10,Large Zonai Charge,10,shop,16,0.15,0.0005,0.004
Ember Trousers,Legs,Ember Trousers,Treasure Chest (Cephla Lake Cave),,Cece (Ventest Clothing Boutique),4000,,600,650,750,950,1450,Hot Weather Attack,,Hot Weather Charge,,True,2,4,6,9,16,Fire Fruit,3,,,,,Fire-Breath Lizalfos Horn,5,Summerwing Butterfly,5,,,Fire Like Stone,5,Warm Darner,5,Large Zonai Charge,5,Gleeok Flame Horn,5,Sizzlefin Trout,10,Large Zonai Charge,10,shop,16,0.15,0.0005,0.004
Charged Headdress,Head,Charged Headdress,Treasure Chest (Dracozu River),,,,,,,,,,Stormy Weather Attack,,Stormy Weather Charge,,True,3,5,8,12,20,Shock Fruit,3,,,,,Electric Lizalfos Horn,5,Thunderwing Butterfly,3,,,Shock Like Stone,5,Electric Darner,5,Large Zonai Charge,3,Gleeok Thunder Horn,5,Voltfin Trout,10,Large Zonai Charge,5,chest,20,,,
Charged Shirt,Body,Charged Shirt,Treasure Chest (Dracozu River),,,,,,,,,,Stormy Weather Attack,,Stormy Weather Charge,,True,3,5,8,12,20,Shock Fruit,3,,,,,Electric Lizalfos Horn,5,Thunderwing Butterfly,3,,,Shock Like Stone,5,Electric Darner,5,Large Zonai Charge,3,Gleeok Thunder Horn,5,Voltfin Trout,10,Large Zonai Charge,5,chest,20,,,
Charged Trousers,Legs,Charged Trousers,Treasure Chest (Dracozu River),,,,,,,,,,Stormy Weather Attack,,Stormy Weather Charge,,True,3,5,8,12,20,Shock Fruit,3,,,,,Electric Lizalfos Horn,5,Thunderwing Butterfly,3,,,Shock Like Stone,5,Electric Darner,5,Large Zonai Charge,3,Gleeok Thunder Horn,5,Voltfin Trout,10,Large Zonai Charge,5,chest,20,,,
Frostbite Headdress,Head,Frostbite Headdress,Treasure Chest (Lake Kilsie Cave),,Cece (Ventest Clothing Boutique),4000,,600,650,750,950,1450,Cold Weather Attack,,Cold Weather Charge,,True,2,4,6,9,16,Ice Fruit,3,,,,,Ice-Breath Lizalfos Horn,5,Winterwing Butterfly,5,,,Ice Like Stone,5,Cold Darner,5,Large Zonai Charge,5,Gleeok Frost Horn,5,Chillfin Trout,10,Large Zonai Charge,10,shop,16,0.15,0.0005,0.004
Frostbite Shirt,Body,Frostbite Shirt,Treasure Chest (Brightcap Cave),,Cece (Ventest Clothing Boutique),4000,,600,650,750,950,1450,Cold Weather Attack,,Cold Weather Charge,,True,2,4,6,9,16,Ice Fruit,3,,,,,Ice-Breath Lizalfos Horn,5,Winterwing Butterfly,5,,,Ice Like Stone,5,Cold Darner,5,Large Zonai Charge,5,Gleeok Frost Horn,5,Chillfin Trout,10,Large Zonai Charge,10,shop,16,0.15,0.0005,0.004
Frostbite Trousers,Legs,Frostbite Trousers,Treasure Chest (Hebra Headspring Cave),,Cece (Ventest Clothing Boutique),4000,,600,650,750,950,1450,Cold Weather Attack,,Cold Weather Charge,,True,2,4,6,9,16,Ice Fruit,3,,,,,Ice-Breath Lizalfos Horn,5,Winterwing Butterfly,5,,,Ice Like Stone,5,Cold Darner,5,Large Zonai Charge,5,Gleeok Frost Horn,5,Chillfin Trout,10,Large Zonai Charge,10,shop,16,0.15,0.0005,0.004
Yiga Mask,Head,Yiga Mask,Pitar (Great Plateau),,Cece (Ventest Clothing Boutique),4000,,600,650,750,950,1450,Stealth Up,Trigger Gerudo Jail,Night Speed Up,Yiga Disguise,True,1,3,5,7,12,Octorok Eyeball,2,,,,,Fire-Breath Lizalfos Tail,3,Puffshroom,3,,,Ice-Breath Lizalfos Tail,5,Keese Eyeball,5,,,Electric Lizalfos Tail,5,Black Hinox Horn,3,Mighty Bananas,10,shop,12,0.15,0.00025,0.003
Yiga Armor,Body,Yiga Armor,Konba (Akkala Ancient Tech Lab),,Cece (Ventest Clothing Boutique),4000,,600,650,750,950,1450,Stealth Up,,Night Speed Up,Yiga Disguise,True,1,3,5,7,12,Octorok Eyeball,2,,,,,Fire-Breath Lizalfos Tail,3,Puffshroom,3,,,Ice-Breath Lizalfos Tail,5,Keese Eyeball,5,,,Electric Lizalfos Tail,5,Black Hinox Horn,3,Mighty Bananas,10,shop,12,0.15,0.00025,0.003
Yiga Tights,Legs,Yiga Tights,Aliza (Yiga Clan Maritta Branch),,Cece (Ventest Clothing Boutique),4000,,600,650,750,950,1450,Stealth Up,,Night Speed Up,Yiga Disguise,True,1,3,5,7,12,Octorok Eyeball,2,,,,,Fire-Breath Lizalfos Tail,3,Puffshroom,3,,,Ice-Breath Lizalfos Tail,5,Keese Eyeball,5,,,Electric Lizalfos Tail,5,Black Hinox Horn,3,Mighty Bananas,10,shop,12,0.15,0.00025,0.003
Vah Medoh Divine Helm,Head,Vah Medoh Divine Helm,Treasure Chest (North Biron Snowshelf Cave),,Cece (Ventest Clothing Boutique),4000,,600,650,750,950,1450,Cold Resistance,Tulin Attack Level Up,,,True,2,4,6,9,16,Sapphire,1,Zonaite,5,,,Sapphire,4,Zonaite,10,,,Sapphire,6,Large Zonaite,5,Dazzlefruit,5,Sapphire,10,Large Zonaite,10,Dazzlefruit,10,shop,16,0.15,0.0005,0.004
Vah Rudania Divine Helm,Head,Vah Rudania Divine Helm,Treasure Chest (Lizard's Burrow),,Cece (Ventest Clothing Boutique),4000,,600,650,750,950,1450,Flame Guard,Yunobo Attack Level Up,,,True,2,4,6,9,16,Ruby,1,Zonaite,5,,,Ruby,4,Zonaite,10,,,Ruby,6,Large Zonaite,5,Dazzlefruit,5,Ruby,10,Large Zonaite,10,Dazzlefruit,10,shop,16,0.15,0.0005,0.004
Vah Ruta Divine Helm,Head,Vah Ruta Divine Helm,Treasure Chest (Cave Under Zora's Domain),,Cece (Ventest Clothing Boutique),4000,,600,650,750,950,1450,Swim Speed Up,Sidon Attack Level Up,,,True,2,4,6,9,16,Opal,5,Zonaite,5,,,Opal,10,Zonaite,10,,,Opal,15,Large Zonaite,5,Dazzlefruit,5,Opal,25,Large Zonaite,10,Dazzlefruit,10,shop,16,0.15,0.0005,0.004
Vah Naboris Divine Helm,Head,Vah Naboris Divine Helm,Treasure Chest (West Gerudo Underground Ruins),,Cece (Ventest Clothing Boutique),4000,,600,650,750,950,1450,Shock Resistance,Riju Attack Level Up,,,True,2,4,6,9,16,Topaz,1,Zonaite,5,,,Topaz,4,Zonaite,10,,,Topaz,6,Large Zonaite,5,Dazzlefruit,5,Topaz,10,Large Zonaite,10,Dazzlefruit,10,shop,16,0.15,0.0005,0.004
Zonaite Helm,Head,Zonaite Helm,Treasure Chest (Lightcast Island),,Cece (Ventest Clothing Boutique),4000,,600,650,750,950,1450,Energy Up,Mineru Attack Level Up,Energy Recharge Up,,True,4,7,12,18,28,Soldier Construct Horn,5,,,,,Soldier Construct II Horn,5,Captain Construct I Horn,5,Zonaite,5,Soldier Construct III Horn,5,Captain Construct II Horn,5,Large Zonaite,5,Soldier Construct IV Horn,5,Captain Construct III Horn,5,Large Zonaite,10,shop,28,0.15,0.001,0.007
Zonaite Waistguard,Body,Zonaite Waistguard,Treasure Chest (Zonaite Forge island),,Cece (Ventest Clothing Boutique),4000,,600,650,750,950,1450,Energy Up,,Energy Recharge Up,,True,4,7,12,18,28,Soldier Construct Horn,5,,,,,Soldier Construct II Horn,5,Captain Construct I Horn,5,Zonaite,5,Soldier Construct III Horn,5,Captain Construct II Horn,5,Large Zonaite,5,Soldier Construct IV Horn,5,Captain Construct III Horn,5,Large Zonaite,10,shop,28,0.15,0.001,0.007
Zonaite Shin Guards,Legs,Zonaite Shin Guards,Treasure Chest (Akkala Sky Mine),,Cece (Ventest Clothing Boutique),4000,,600,650,750,950,1450,Energy Up,,Energy Recharge Up,,True,4,7,12,18,28,Soldier Construct Horn,5,,,,,Soldier Construct II Horn,5,Captain Construct I Horn,5,Zonaite,5,Soldier Construct III Horn,5,Captain Construct II Horn,5,Large Zonaite,5,Soldier Construct IV Horn,5,Captain Construct III Horn,5,Large Zonaite,10,shop,28,0.15,0.001,0.007
Diamond Circlet,Head,Diamond Circlet,Jewelry Shop (Starlight Memories),,,2400,,600,650,750,950,1450,Attack Up,,,,False,4,7,12,18,28,Diamond,2,Flint,3,,,Diamond,3,Flint,5,,,Diamond,5,Star Fragment,1,,,Diamond,8,Star Fragment,2,,,shop,28,0.25,0.0016666666666666668,0.011666666666666667
Ruby Circlet,Head,Ruby Circlet,Jewelry Shop (Starlight Memories),Shop (Gerudo Shelter),,1300,,325,375,475,675,1175,Cold Resistance,,,,False,3,5,8,12,20,Ruby,2,Flint,3,,,Ruby,4,Flint,5,,,Ruby,6,Star Fragment,1,,,Ruby,10,Star Fragment,2,,,shop,20,0.25,0.002307692307692308,0.015384615384615385
Sapphire Circlet,Head,Sapphire Circlet,Jewelry Shop (Starlight Memories),Shop (Gerudo Shelter),,1400,,350,400,500,700,1200,Heat Resistance,,,,False,3,5,8,12,20,Sapphire,2,Flint,3,,,Sapphire,4,Flint,5,,,Sapphire,6,Star Fragment,1,,,Sapphire,10,Star Fragment,2,,,shop,20,0.25,0.002142857142857143,0.014285714285714285
Topaz Earrings,Head,Topaz Earrings,Jewelry Shop (Starlight Memories),,,1200,,300,350,450,650,1150,Shock Resistance,,,,False,3,5,8,12,18,Topaz,2,Flint,3,,,Topaz,4,Flint,5,,,Topaz,6,Star Fragment,1,,,Topaz,10,Star Fragment,2,,,shop,18,0.25,0.0025,0.015
Opal Earrings,Head,Opal Earrings,Jewelry Shop (Starlight Memories),,,700,,175,225,325,525,1025,Swim Speed Up,,,,False,3,5,8,12,20,Opal,6,Flint,5,,,Opal,12,Flint,10,,,Opal,18,Flint,15,,,Opal,30,Flint,25,,,shop,20,0.25,0.004285714285714286,0.02857142857142857
Amber Earrings,Head,Amber Earrings,Jewelry Shop (Starlight Memories),Shop (Gerudo Shelter),,400,,100,150,250,450,950,,,,,False,4,7,12,18,28,Amber,10,Flint,5,,,Amber,20,Flint,10,,,Amber,35,Flint,15,,,Amber,60,Flint,25,,,shop,28,0.25,0.01,0.07
Well-Worn Hair Band,Head,Well-Worn Hair Band,Treasure Chest (Zelda's Secret Well),,Cece (Ventest Clothing Boutique),20,,5,,,,,,,,,False,0,,,,,,,,,,,,,,,,,,,,,,,,,,,,,shop,,0.25,0.0,
Cece Hat,Head,Cece Hat,The Mayoral Election,,Armor Shop (Ventest Clothing Boutique),4000,,600,,,,,,,,,False,3,,,,,,,,,,,,,,,,,,,,,,,,,,,,,shop,,0.15,0.00075,
Lightning Helm,Head,Lightning Helm,Yiga Clan Hideout Challenge #3,,,,,,,,,,Lightning Proof,,,,False,3,,,,,,,,,,,,,,,,,,,,,,,,,,,,,other,,,,
Sand Boots,Legs,Sand Boots,Shop (Gerudo Secret Club),,,1200,,300,350,450,650,1150,Sand Speed Up,,,,True,3,5,8,12,20,Hightail Lizard,3,,,,,Gibdo Bone,20,Swift Carrot,5,,,Gibdo Guts,5,Rushroom,10,Molduga Fin,5,Molduga Guts,5,Swift Violet,10,Hearty Lizard,5,shop,20,0.25,0.0025,0.016666666666666666
Snow Boots,Legs,Snow Boots,Shop (Gerudo Secret Club),,,1300,,325,375,475,675,1175,Snow Speed Up,,,,True,3,5,8,12,20,Hightail Lizard,3,,,,,Octorok Tentacle,5,Swift Carrot,5,,,Octo Balloon,5,Rushroom,20,,,Naydra's Scale,2,Swift Violet,20,,,shop,20,0.25,0.002307692307692308,0.015384615384615385
Bokoblin Mask,Head,Bokoblin Mask,Koltin (1 Bubbul Gem),,Cece (Ventest Clothing Boutique),4000,,600,,,,,,Bokoblin Disguise,,,False,3,,,,,,,,,,,,,,,,,,,,,,,,,,,,,shop,,0.15,0.00075,
Horriblin Mask,Head,Horriblin Mask,Koltin (30 Bubbul Gems),,Cece (Ventest Clothing Boutique),4000,,600,,,,,,Horriblin Disguise,,,False,3,,,,,,,,,,,,,,,,,,,,,,,,,,,,,shop,,0.15,0.00075,
Moblin Mask,Head,Moblin Mask,Koltin (3 Bubbul Gems),,Cece (Ventest Clothing Boutique),4000,,600,,,,,,Moblin Disguise,,,False,3,,,,,,,,,,,,,,,,,,,,,,,,,,,,,shop,,0.15,0.00075,
Lizalfos Mask,Head,Lizalfos Mask,Koltin (15 Bubbul Gems),,Cece (Ventest Clothing Boutique),4000,,600,,,,,,Lizalfos Disguise,,,False,3,,,,,,,,,,,,,,,,,,,,,,,,,,,,,shop,,0.15,0.00075,
Lynel Mask,Head,Lynel Mask,Koltin (38 Bubbul Gems),,Cece (Ventest Clothing Boutique),4000,,600,,,,,,Lynel Disguise,,,False,3,,,,,,,,,,,,,,,,,,,,,,,,,,,,,shop,,0.15,0.00075,
Tunic of Memories,Body,,Bargainer Statue Shop (Find 7),,,,400,,,,,,,Master Sword Beam Always,,,False,4,7,12,18,28,Silent Princess,3,Light Dragon's Scale,1,,,Silent Princess,3,Light Dragon's Talon,1,Farosh's Horn,2,Silent Princess,5,Shard of Light Dragon's Fang,1,Naydra's Horn,2,Silent Princess,10,Light Dragon's Horn,1,Dinraal's Horn,2,shop,28,,,
Champion's Leathers,Body,Champion's Leathers,Treasure Chest (Hyrule Castle),,,,,,,,,,,Master Sword Beam Always,,,False,5,8,14,22,32,Silent Princess,3,Light Dragon's Scale,2,,,Silent Princess,3,Light Dragon's Talon,2,Sundelion,10,Silent Princess,5,Shard of Light Dragon's Fang,2,Sundelion,15,Silent Princess,10,Light Dragon's Horn,2,Sundelion,20,chest,32,,,
Island Lobster Shirt,Body,Island Lobster Shirt,Treasure Chest (Lurelin Village),,Bargainer Statue Shop,,400,600,,,,,Heat Resistance,Sail Acceleration Up,,,False,1,,,,,,,,,,,,,,,,,,,,,,,,,,,,,shop,,,,
Ravio's Hood,Head,Ravio's Hood,Treasure Chest (Secluded Coliseum),,Bargainer Statue Shop,,400,600,,,,,,Sideways Climb Speed Up,,,False,2,,,,,,,,,,,,,,,,,,,,,,,,,,,,,shop,,,,
Zant's Helmet,Head,Zant's Helmet,Treasure Chest (Scorching Coliseum),,Bargainer Statue Shop,,400,600,,,,,Unfreezable,,,,False,3,,,,,,,,,,,,,,,,,,,,,,,,,,,,,shop,,,,
Midna's Helmet,Head,Midna's Helmet,Treasure Chest (Lone Island Coliseum),,Bargainer Statue Shop,,400,600,,,,,Gloom Resistance,,,,False,7,,,,,,,,,,,,,,,,,,,,,,,,,,,,,shop,,,,
Majora's Mask,Head,Majora's Mask,Treasure Chest (Floating Coliseum),,Bargainer Statue Shop,,400,600,,,,,,Enemy Disguise,,,False,1,,,,,,,,,,,,,,,,,,,,,,,,,,,,,shop,,,,
Korok Mask,Head,Korok Mask,Treasure Chest (Forest Coliseum),,Bargainer Statue Shop,,400,600,,,,,,Korok Detect,,,False,1,,,,,,,,,,,,,,,,,,,,,,,,,,,,,shop,,,,
Tingle's Hood,Head,Tingle's Hood,Treasure Chest (Statue of the Eighth Heroine Cave),,Bargainer Statue Shop,,400,600,,,,,,,Night Speed Up,Frighten People,False,2,,,,,,,,,,,,,,,,,,,,,,,,,,,,,shop,,,,
Tingle's Shirt,Body,Tingle's Shirt,Treasure Chest (Dueling Peaks South Cave),,Bargainer Statue Shop,,400,600,,,,,,,Night Speed Up,Frighten People,False,2,,,,,,,,,,,,,,,,,,,,,,,,,,,,,shop,,,,
Tingle's Tights,Legs,Tingle's Tights,Treasure Chest (Cape Cales Cliffbase Cave),,Bargainer Statue Shop,,400,600,,,,,,,Night Speed Up,Frighten People,False,2,,,,,,,,,,,,,,,,,,,,,,,,,,,,,shop,,,,
Phantom Helmet,Head,Phantom Helmet,Treasure Chest (Puffer Beach Overhead Cave),,Bargainer Statue Shop,,400,600,,,,,Attack Up,,,Frighten People,False,8,,,,,,,,,,,,,,,,,,,,,,,,,,,,,shop,,,,
Phantom Armor,Body,Phantom Armor,Treasure Chest (Tamio River Downstream Cave),,Bargainer Statue Shop,,400,600,,,,,Attack Up,,,Frighten People,False,8,,,,,,,,,,,,,,,,,,,,,,,,,,,,,shop,,,,
Phantom Greaves,Legs,Phantom Greaves,Treasure Chest (Ancient Altar Ruins),,Bargainer Statue Shop,,400,600,,,,,Attack Up,,,Frighten People,False,8,,,,,,,,,,,,,,,,,,,,,,,,,,,,,shop,,,,
Evil Spirit Mask,Head,Evil Spirit Mask,Treasure Chest (South Lomei Depths Labyrinth),,Bargainer Statue Shop,,400,600,,,,,Stealth Up,,Disguise; Bone Weap. Prof.,Frighten People,False,4,,,,,,,,,,,,,,,,,,,,,,,,,,,,,shop,,,,
Evil Spirit Armor,Body,Evil Spirit Armor,Treasure Chest (Lomei Depths Labyrinth),,Bargainer Statue Shop,,400,600,,,,,Stealth Up,,Disguise; Bone Weap. Prof.,Frighten People,False,4,,,,,,,,,,,,,,,,,,,,,,,,,,,,,shop,,,,
Evil Spirit Greaves,Legs,Evil Spirit Greaves,Treasure Chest (North Lomei Depths Labyrinth),,Bargainer Statue Shop,,400,600,,,,,Stealth Up,,Disguise; Bone Weap. Prof.,Frighten People,False,4,,,,,,,,,,,,,,,,,,,,,,,,,,,,,shop,,,,
Sheik's Mask,Head,Sheik's Mask,Treasure Chest (Desert Coliseum),Sheik amiibo,Bargainer Statue Shop,,400,600,650,750,950,1450,Stealth Up,,,,False,2,4,6,9,16,Silent Princess,1,Star Fragment,1,,,Silent Princess,2,Star Fragment,2,,,Silent Princess,4,Star Fragment,3,,,Silent Princess,8,Star Fragment,4,,,shop,16,,,
Dark Hood,Head,,Bargainer Statue Shop (Find 5),,,,300,600,,,,,,,Night Speed Up,Frighten People,False,3,,,,,,,,,,,,,,,,,,,,,,,,,,,,,shop,,,,
Dark Tunic,Body,,Bargainer Statue Shop,,,,150,600,,,,,,,Night Speed Up,Frighten People,False,3,,,,,,,,,,,,,,,,,,,,,,,,,,,,,shop,,,,
Dark Trousers,Legs,,Bargainer Statue Shop (Find 3),,,,200,600,,,,,,,Night Speed Up,Frighten People,False,3,,,,,,,,,,,,,,,,,,,,,,,,,,,,,shop,,,,
Fierce Deity Mask,Head,Fierce Deity Mask,Treasure Chest (Misko's Treasure: The Fierce Deity),Majora's Mask amiibo,Bargainer Statue Shop,,400,600,650,750,950,1450,Attack Up,,Charge Atk. Stamina Up,,False,3,5,8,12,20,Hinox Toenail,5,Dinraal's Scale,1,,,Hinox Tooth,5,Dinraal's Claw,1,,,Hinox Guts,2,Shard of Dinraal's Fang,1,,,Lynel Guts,2,Dinraal's Horn,1,,,shop,20,,,
Fierce Deity Armor,Body,Fierce Deity Armor,Treasure Chest (Misko's Treasure: The Fierce Deity),Majora's Mask amiibo,Bargainer Statue Shop,,400,600,650,750,950,1450,Attack Up,,Charge Atk. Stamina Up,,False,3,5,8,12,20,Hinox Toenail,5,Naydra's Scale,1,,,Hinox Tooth,5,Naydra's Claw,1,,,Hinox Guts,2,Shard of Naydra's Fang,1,,,Lynel Guts,2,Naydra's Horn,1,,,shop,20,,,
Fierce Deity Boots,Legs,Fierce Deity Boots,Treasure Chest (Misko's Treasure: The Fierce Deity),Majora's Mask amiibo,Bargainer Statue Shop,,400,600,650,750,950,1450,Attack Up,,Charge Atk. Stamina Up,,False,3,5,8,12,20,Hinox Toenail,5,Farosh's Scale,1,,,Hinox Tooth,5,Farosh's Claw,1,,,Hinox Guts,2,Shard of Farosh's Fang,1,,,Lynel Guts,2,Farosh's Horn,1,,,shop,20,,,
Mask of Awakening,Head,Mask of Awakening,Treasure Chest (Misko's Treasure of Awakening III),Link's Awakening amiibo,Bargainer Statue Shop,,400,600,650,750,950,1450,,,Attack Up,,False,3,5,8,12,20,Luminous Stone,10,Star Fragment,1,,,Luminous Stone,15,Star Fragment,1,,,Luminous Stone,20,Star Fragment,1,,,Luminous Stone,30,Star Fragment,1,,,shop,20,,,
Tunic of Awakening,Body,Tunic of Awakening,Treasure Chest (Misko's Treasure of Awakening I),Link's Awakening amiibo,Bargainer Statue Shop,,400,600,650,750,950,1450,,,Attack Up,,False,3,5,8,12,20,Luminous Stone,10,Star Fragment,1,,,Luminous Stone,15,Star Fragment,1,,,Luminous Stone,20,Star Fragment,1,,,Luminous Stone,30,Star Fragment,1,,,shop,20,,,
Trousers of Awakening,Legs,Trousers of Awakening,Treasure Chest (Misko's Treasure of Awakening II),Link's Awakening amiibo,Bargainer Statue Shop,,400,600,650,750,950,1450,,,Attack Up,,False,3,5,8,12,20,Luminous Stone,10,Star Fragment,1,,,Luminous Stone,15,Star Fragment,1,,,Luminous Stone,20,Star Fragment,1,,,Luminous Stone,30,Star Fragment,1,,,shop,20,,,
Cap of the Wild,Head,Cap of the Wild,Treasure Chest (Hebra Dark Skeleton),,Bargainer Statue Shop,,400,600,650,750,950,1450,,,Attack Up,,True,4,7,12,18,28,Acorn,10,Farosh's Scale,2,,,Courser Bee Honey,5,Farosh's Claw,2,,,Energetic Rhino Beetle,3,Shard of Farosh's Fang,2,Shard of Farosh's Spike,5,Star Fragment,3,Farosh's Horn,2,Shard of Farosh's Spike,10,shop,28,,,
Tunic of the Wild,Body,Tunic of the Wild,Treasure Chest (Gerudo Dark Skeleton),,Bargainer Statue Shop,,400,600,650,750,950,1450,,,Attack Up,,True,4,7,12,18,28,Acorn,10,Naydra's Scale,2,,,Courser Bee Honey,5,Naydra's Claw,2,,,Energetic Rhino Beetle,3,Shard of Naydra's Fang,2,Shard of Naydra's Spike,5,Star Fragment,3,Naydra's Horn,2,Shard of Naydra's Spike,10,shop,28,,,
Trousers of the Wild,Legs,Trousers of the Wild,Treasure Chest (Eldin Dark Skeleton),,Bargainer Statue Shop,,400,600,650,750,950,1450,,,Attack Up,,True,4,7,12,18,28,Acorn,10,Dinraal's Scale,2,,,Courser Bee Honey,5,Dinraal's Claw,2,,,Energetic Rhino Beetle,3,Shard of Dinraal's Fang,2,Shard of Dinraal's Spike,5,Star Fragment,3,Dinraal's Horn,2,Shard of Dinraal's Spike,10,shop,28,,,
Cap of the Hero,Head,Cap of the Hero,Treasure Chest (Tuft Canyon Mine),8-bit Link amiibo,Bargainer Statue Shop,,400,600,650,750,950,1450,,,Attack Up,,False,3,5,8,12,20,Ruby,1,Star Fragment,1,,,Ruby,4,Star Fragment,1,,,Ruby,6,Star Fragment,1,,,Ruby,10,Star Fragment,1,,,shop,20,,,
Tunic of the Hero,Body,Tunic of the Hero,Treasure Chest (Dueling Canyons Mine),8-bit Link amiibo,Bargainer Statue Shop,,400,600,650,750,950,1450,,,Attack Up,,False,3,5,8,12,20,Ruby,1,Star Fragment,1,,,Ruby,4,Star Fragment,1,,,Ruby,6,Star Fragment,1,,,Ruby,10,Star Fragment,1,,,shop,20,,,
Trousers of the Hero,Legs,Trousers of the Hero,Treasure Chest (Corvash Canyon Mine),8-bit Link amiibo,Bargainer Statue Shop,,400,600,650,750,950,1450,,,Attack Up,,False,3,5,8,12,20,Ruby,1,Star Fragment,1,,,Ruby,4,Star Fragment,1,,,Ruby,6,Star Fragment,1,,,Ruby,10,Star Fragment,1,,,shop,20,,,
Cap of Time,Head,Cap of Time,Treasure Chest (Sturnida Lavafalls),Ocarina of Time / Smash Young Link amiibo,Bargainer Statue Shop,,400,600,650,750,950,1450,,,Attack Up,,False,3,5,8,12,20,Amber,10,Star Fragment,1,,,Amber,20,Star Fragment,1,,,Amber,30,Star Fragment,1,,,Amber,40,Star Fragment,1,,,shop,20,,,
Tunic of Time,Body,Tunic of Time,Treasure Chest (Lindor Canyon Mine),Ocarina of Time / Smash Young Link amiibo,Bargainer Statue Shop,,400,600,650,750,950,1450,,,Attack Up,,False,3,5,8,12,20,Amber,10,Star Fragment,1,,,Amber,20,Star Fragment,1,,,Amber,30,Star Fragment,1,,,Amber,40,Star Fragment,1,,,shop,20,,,
Trousers of Time,Legs,Trousers of Time,Treasure Chest (Gerudo Canyon Mine),Ocarina of Time / Smash Young Link amiibo,Bargainer Statue Shop,,400,600,650,750,950,1450,,,Attack Up,,False,3,5,8,12,20,Amber,10,Star Fragment,1,,,Amber,20,Star Fragment,1,,,Amber,30,Star Fragment,1,,,Amber,40,Star Fragment,1,,,shop,20,,,
Cap of the Wind,Head,Cap of the Wind,Treasure Chest (Davdi Island Depths),Toon Link / Smash Toon Link amiibo,Bargainer Statue Shop,,400,600,650,750,950,1450,,,Attack Up,,False,3,5,8,12,20,Opal,5,Star Fragment,1,,,Opal,10,Star Fragment,1,,,Opal,15,Star Fragment,1,,,Opal,25,Star Fragment,1,,,shop,20,,,
Tunic of the Wind,Body,Tunic of the Wind,Treasure Chest (Cuho Canyon Mine),Toon Link / Smash Toon Link amiibo,Bargainer Statue Shop,,400,600,650,750,950,1450,,,Attack Up,,False,3,5,8,12,20,Opal,5,Star Fragment,1,,,Opal,10,Star Fragment,1,,,Opal,15,Star Fragment,1,,,Opal,25,Star Fragment,1,,,shop,20,,,
Trousers of the Wind,Legs,Trousers of the Wind,Treasure Chest (Cresia Pit Mine),Toon Link / Smash Toon Link amiibo,Bargainer Statue Shop,,400,600,650,750,950,1450,,,Attack Up,,False,3,5,8,12,20,Opal,5,Star Fragment,1,,,Opal,10,Star Fragment,1,,,Opal,15,Star Fragment,1,,,Opal,25,Star Fragment,1,,,shop,20,,,
Cap of Twilight,Head,Cap of Twilight,Treasure Chest (Gleeok Den),Twilight Princess Link / Smash Link amiibo,Bargainer Statue Shop,,400,600,650,750,950,1450,,,Attack Up,,False,3,5,8,12,20,Topaz,1,Star Fragment,1,,,Topaz,4,Star Fragment,1,,,Topaz,6,Star Fragment,1,,,Topaz,10,Star Fragment,1,,,shop,20,,,
Tunic of Twilight,Body,Tunic of Twilight,Treasure Chest (Rist Mine),Twilight Princess Link / Smash Link amiibo,Bargainer Statue Shop,,400,600,650,750,950,1450,,,Attack Up,,False,3,5,8,12,20,Topaz,1,Star Fragment,1,,,Topaz,4,Star Fragment,1,,,Topaz,6,Star Fragment,1,,,Topaz,10,Star Fragment,1,,,shop,20,,,
Trousers of Twilight,Legs,Trousers of Twilight,Treasure Chest (Ancient Underground Fortress),Twilight Princess Link / Smash Link amiibo,Bargainer Statue Shop,,400,600,650,750,950,1450,,,Attack Up,,False,3,5,8,12,20,Topaz,1,Star Fragment,1,,,Topaz,4,Star Fragment,1,,,Topaz,6,Star Fragment,1,,,Topaz,10,Star Fragment,1,,,shop,20,,,
Cap of the Sky,Head,Cap of the Sky,Treasure Chest (Retsam Grove),Skyward Sword Link amiibo,Bargainer Statue Shop,,400,600,650,750,950,1450,,,Attack Up,,False,3,5,8,12,20,Sapphire,1,Star Fragment,1,,,Sapphire,4,Star Fragment,1,,,Sapphire,6,Star Fragment,1,,,Sapphire,10,Star Fragment,1,,,shop,20,,,
Tunic of the Sky,Body,Tunic of the Sky,Treasure Chest (Minshi Grove),Skyward Sword Link amiibo,Bargainer Statue Shop,,400,600,650,750,950,1450,,,Attack Up,,False,3,5,8,12,20,Sapphire,1,Star Fragment,1,,,Sapphire,4,Star Fragment,1,,,Sapphire,6,Star Fragment,1,,,Sapphire,10,Star Fragment,1,,,shop,20,,,
Trousers of the Sky,Legs,Trousers of the Sky,Treasure Chest (Crenel Canyon Mine),Skyward Sword Link amiibo,Bargainer Statue Shop,,400,600,650,750,950,1450,,,Attack Up,,False,3,5,8,12,20,Sapphire,1,Star Fragment,1,,,Sapphire,4,Star Fragment,1,,,Sapphire,6,Star Fragment,1,,,Sapphire,10,Star Fragment,1,,,shop,20,,,
Ancient Hero's Aspect,All,Ancient Hero's Aspect,"Treasure Chest (Temple of Time, Complete All 152 Shrines)",,,,,,,,,,,,Master Sword Beam Up,,False,12,21,36,54,84,Silver Bokoblin Horn,9,Hinox Guts,9,Zonaite,15,Silver Moblin Horn,9,Frox Guts,9,Large Zonaite,10,Silver Lizalfos Horn,9,Molduga Guts,9,Large Zonaite,15,Silver Lynel Saber Horn,9,Silver Lynel Mace Horn,9,Gleeok Guts,9,chest,84,,,
